,Real_Estate,GDP,Per_Capita,Unemployement,Employement
cityData.real_2005.which.cityData.city....city..,405793.4615,1023432.75,793176071,5.041666667,94.95833333
cityData.real_2006.which.cityData.city....city..,511650,1077890.75,849172187,4.116666667,95.88333333
cityData.real_2007.which.cityData.city....city..,513875,1114698.25,908162948,3.775,96.225
cityData.real_2008.which.cityData.city....city..,500033.3333,1113446,927888435,4.508333333,95.49166667
cityData.real_2010.which.cityData.city....city..,481958.3333,1204688.5,934270262,8.125,91.875
cityData.real_2011.which.cityData.city....city..,468750,1229742.75,991352307,7.483333333,92.51666667
cityData.real_2012.which.cityData.city....city..,464433.3333,1301040.5,1053660783,7.1,92.9
cityData.real_2013.which.cityData.city....city..,482125,1334929.75,1072125105,6.833333333,93.16666667
cityData.real_2014.which.cityData.city....city..,516733.3,1382933,1119433988,6.683333333,93.31666667
cityData.real_2015.which.cityData.city....city..,541350,1433531,1161414144,6.491666667,93.50833333
cityData.real_2016.which.cityData.city....city..,595808.3,1478278,1194090839,6.691666667,93.30833333